<?xml version="1.0" encoding="UTF-8"?>

<mule xmlns:email="http://www.mulesoft.org/schema/mule/email" xmlns:http="http://www.mulesoft.org/schema/mule/http"
	xmlns="http://www.mulesoft.org/schema/mule/core"
	xmlns:doc="http://www.mulesoft.org/schema/mule/documentation" xmlns:xsi="http://www.w3.org/2001/XMLSchema-instance" xsi:schemaLocation="http://www.mulesoft.org/schema/mule/core http://www.mulesoft.org/schema/mule/core/current/mule.xsd
http://www.mulesoft.org/schema/mule/http http://www.mulesoft.org/schema/mule/http/current/mule-http.xsd
http://www.mulesoft.org/schema/mule/email http://www.mulesoft.org/schema/mule/email/current/mule-email.xsd">
	<http:listener-config name="HTTP_Listener_config" doc:name="HTTP Listener config" doc:id="c90244f9-6605-47f9-8728-e4f0e35b6769" >
		<http:listener-connection host="0.0.0.0" port="8081" />
	</http:listener-config>
	<email:smtp-config name="Email_SMTP" doc:name="Email SMTP" doc:id="81d0b9c6-6273-4c38-a66c-8b8620cf3a89" >
		<email:smtp-connection host="smtp-mail.outlook.com" user="sender@xyz.com" password="******" port="587">
			<email:properties >
				<email:property key="mail.smtp.starttls.enable" value="true" />
			</email:properties>
		</email:smtp-connection>
	</email:smtp-config>
		<flow name="sending-email-flow" doc:id="fbc4a6ec-03fa-496a-8e95-01dfef461cbd" >
		<http:listener doc:name="/GET email" doc:id="cd57cb51-cf3c-4984-a205-72c133acd0ab" config-ref="HTTP_Listener_config" path="/email"/>
		<email:send doc:name="Send" doc:id="800277e6-fa25-4959-92eb-510203146b21" config-ref="Email_SMTP" fromAddress="sender@xyz.com" subject="Test Email">
			<email:to-addresses >
				<email:to-address value="receiver1@abc.com" />
				<email:to-address value="receiver2@abc.com" />
			</email:to-addresses>
			<email:body >
				<email:content ><![CDATA[This is a test email. Please ignore.]]></email:content>
			</email:body>
		</email:send>
	</flow>
</mule>
