<?xml version="1.0" encoding="UTF-8"?>

<mule xmlns:ee="http://www.mulesoft.org/schema/mule/ee/core" xmlns:wsc="http://www.mulesoft.org/schema/mule/wsc"
	xmlns:http="http://www.mulesoft.org/schema/mule/http"
	xmlns="http://www.mulesoft.org/schema/mule/core" xmlns:doc="http://www.mulesoft.org/schema/mule/documentation" xmlns:xsi="http://www.w3.org/2001/XMLSchema-instance" xsi:schemaLocation="http://www.mulesoft.org/schema/mule/core http://www.mulesoft.org/schema/mule/core/current/mule.xsd
http://www.mulesoft.org/schema/mule/http http://www.mulesoft.org/schema/mule/http/current/mule-http.xsd
http://www.mulesoft.org/schema/mule/wsc http://www.mulesoft.org/schema/mule/wsc/current/mule-wsc.xsd
http://www.mulesoft.org/schema/mule/ee/core http://www.mulesoft.org/schema/mule/ee/core/current/mule-ee.xsd">
	<http:listener-config name="HTTP_Listener_config" doc:name="HTTP Listener config" doc:id="4a4e4f44-d9e1-4e7f-b1b0-7c68eeb7e267" >
		<http:listener-connection host="0.0.0.0" port="8081" />
	</http:listener-config>
	<wsc:config name="Web_Service_Consumer_Config" doc:name="Web Service Consumer Config" doc:id="aaa43992-a87e-4425-ab91-27b3a90bda0c" >
		<wsc:connection wsdlLocation="http://www.dneonline.com/calculator.asmx?wsdl" service="Calculator" port="CalculatorSoap" address="http://www.dneonline.com/calculator.asmx" />
	</wsc:config>
	<flow name="invoke-soap-main-flow" doc:id="77bfc995-fc38-4bcf-a1a7-a4d6379b461f" >
		<http:listener doc:name="Listener" doc:id="0e9b9a8b-4c9f-4a96-a688-13b3c0d379f6" config-ref="HTTP_Listener_config" path="/calculator"/>
		<set-variable value="#[attributes.queryParams.Num1]" doc:name="Set Variable" doc:id="fbbba543-0d3c-45c2-bda3-173973982e6e" variableName="var1"/>
		<set-variable value="#[attributes.queryParams.Num2]" doc:name="Set Variable" doc:id="2215de61-19cf-4f22-9a82-1f6406b3a12d" variableName="var2"/>
		<ee:transform doc:name="Transform Message" doc:id="5b7bb751-6f23-4996-b66d-37b10539f347" >
			<ee:message >
				<ee:set-payload ><![CDATA[%dw 2.0
output application/xml
ns ns0 http://tempuri.org/type Number = ???

---
{
	ns0#Add: {
		ns0#intA: vars.var1 as Number,
		ns0#intB: vars.var2 as Number
	}
}]]></ee:set-payload>
			</ee:message>
		</ee:transform>
		<wsc:consume doc:name="Consume" doc:id="5a9256ca-a874-4c5a-aee6-add7f6d64840" config-ref="Web_Service_Consumer_Config" operation="Add"/>
		<logger level="INFO" doc:name="Logger" doc:id="9fb4831f-b7d3-4763-9181-a72d7d0f79c2" message="Result :: #[payload.body.AddResponse.AddResult]"/>
	</flow>
</mule>
