<?xml version='1.0' encoding='UTF-8'?>
<types:mule xmlns:types="http://www.mulesoft.org/schema/mule/types">
  <types:catalog>
    <types:type name="auto_9bc461f9-8a1d-4dfa-bcdf-63171c468571_Input-Payload" format="java">
      <types:shape format="weave" example="weave/autogenerated/9bc461f9-8a1d-4dfa-bcdf-63171c468571/Input-Payload.wev" autogeneratedOrigin="b9d60593-d493-4f96-a77f-55626345a3b5"><![CDATA[%dw 2.0

type auto_9bc461f9_8a1d_4dfa_bcdf_63171c468571_Input_Payload = Any

]]></types:shape>
    </types:type>
    <types:type name="auto_9bc461f9-8a1d-4dfa-bcdf-63171c468571_Input-Attributes" format="java">
      <types:shape format="weave" example="weave/autogenerated/9bc461f9-8a1d-4dfa-bcdf-63171c468571/Input-Attributes.wev" autogeneratedOrigin="b9d60593-d493-4f96-a77f-55626345a3b5"><![CDATA[%dw 2.0

type auto_9bc461f9_8a1d_4dfa_bcdf_63171c468571_Input_Attributes = {|
  listenerPath: String, 
  rawRequestPath: String, 
  relativePath: String, 
  maskedRequestPath: String, 
  version: String, 
  scheme: String, 
  method: String, 
  requestUri: String, 
  rawRequestUri: String, 
  queryString: String, 
  localAddress: String, 
  remoteAddress: String, 
  clientCertificate?: java_security_cert_Certificate, 
  queryParams: { _?: String }, 
  uriParams: { _?: String }, 
  requestPath: String, 
  headers: { _?: String }
|} {"typeAlias": "HttpRequestAttributes",
"typeId": "org.mule.extension.http.api.HttpRequestAttributes"}
type java_security_cert_Certificate = {|
  encoded?: Binary, 
  publicKey?: java_security_PublicKey, 
  "type"?: String
|} {"typeAlias": "Certificate",
"typeId": "java.security.cert.Certificate"}
type java_security_PublicKey = {|  |} {"typeAlias": "PublicKey",
"typeId": "java.security.PublicKey"}





]]></types:shape>
    </types:type>
    <types:type name="auto_9bc461f9-8a1d-4dfa-bcdf-63171c468571_Output-Attributes" format="java">
      <types:shape format="weave" example="weave/autogenerated/9bc461f9-8a1d-4dfa-bcdf-63171c468571/Output-Attributes.wev" autogeneratedOrigin="b9d60593-d493-4f96-a77f-55626345a3b5"><![CDATA[%dw 2.0

type auto_9bc461f9_8a1d_4dfa_bcdf_63171c468571_Output_Attributes = {|
  listenerPath: String, 
  rawRequestPath: String, 
  relativePath: String, 
  maskedRequestPath: String, 
  version: String, 
  scheme: String, 
  method: String, 
  requestUri: String, 
  rawRequestUri: String, 
  queryString: String, 
  localAddress: String, 
  remoteAddress: String, 
  clientCertificate?: java_security_cert_Certificate, 
  queryParams: { _?: String }, 
  uriParams: { _?: String }, 
  requestPath: String, 
  headers: { _?: String }
|} {"typeAlias": "HttpRequestAttributes",
"typeId": "org.mule.extension.http.api.HttpRequestAttributes"}
type java_security_cert_Certificate = {|
  encoded?: Binary, 
  publicKey?: java_security_PublicKey, 
  "type"?: String
|} {"typeAlias": "Certificate",
"typeId": "java.security.cert.Certificate"}
type java_security_PublicKey = {|  |} {"typeAlias": "PublicKey",
"typeId": "java.security.PublicKey"}





]]></types:shape>
    </types:type>
    <types:type name="auto_9bc461f9-8a1d-4dfa-bcdf-63171c468571_Input-Variables-var1" format="java">
      <types:shape format="raml" autogeneratedOrigin="b9d60593-d493-4f96-a77f-55626345a3b5"><![CDATA[#%RAML 1.0 DataType
type: string]]></types:shape>
    </types:type>
    <types:type name="auto_9bc461f9-8a1d-4dfa-bcdf-63171c468571_Output-Payload" format="java">
      <types:shape format="weave" example="weave/autogenerated/9bc461f9-8a1d-4dfa-bcdf-63171c468571/Output-Payload.wev" autogeneratedOrigin="b9d60593-d493-4f96-a77f-55626345a3b5"><![CDATA[%dw 2.0

type auto_9bc461f9_8a1d_4dfa_bcdf_63171c468571_Output_Payload = Any

]]></types:shape>
    </types:type>
    <types:type name="auto_9bc461f9-8a1d-4dfa-bcdf-63171c468571_Output-Variables-var1" format="java">
      <types:shape format="raml" autogeneratedOrigin="b9d60593-d493-4f96-a77f-55626345a3b5"><![CDATA[#%RAML 1.0 DataType
type: string]]></types:shape>
    </types:type>
  </types:catalog>
  <types:enrichment select="#9bc461f9-8a1d-4dfa-bcdf-63171c468571">
    <types:processor-declaration>
      <types:input-event>
        <types:message>
          <types:payload type="auto_9bc461f9-8a1d-4dfa-bcdf-63171c468571_Input-Payload"/>
          <types:attributes type="auto_9bc461f9-8a1d-4dfa-bcdf-63171c468571_Input-Attributes"/>
        </types:message>
        <types:variables>
          <types:variable name="var1" type="auto_9bc461f9-8a1d-4dfa-bcdf-63171c468571_Input-Variables-var1"/>
        </types:variables>
      </types:input-event>
      <types:output-event>
        <types:message>
          <types:payload type="auto_9bc461f9-8a1d-4dfa-bcdf-63171c468571_Output-Payload"/>
          <types:attributes type="auto_9bc461f9-8a1d-4dfa-bcdf-63171c468571_Output-Attributes"/>
        </types:message>
        <types:variables>
          <types:variable name="var1" type="auto_9bc461f9-8a1d-4dfa-bcdf-63171c468571_Output-Variables-var1"/>
        </types:variables>
      </types:output-event>
    </types:processor-declaration>
  </types:enrichment>
</types:mule>